{
  "definitions": {
    "RT_GERMAN_CAR_REGISTRATION": {
      "kind": "entity",
      "elements": {
        "cabriolets": {
          "@EndUserText.label": "cabriolets",
          "type": "cds.Integer",
          "@DataWarehouse.native.dataType": "INTEGER"
        },
        "bev": {
          "@EndUserText.label": "bev",
          "type": "cds.Integer",
          "@DataWarehouse.native.dataType": "INTEGER"
        },
        "all": {
          "@EndUserText.label": "all",
          "type": "cds.Integer",
          "@DataWarehouse.native.dataType": "INTEGER"
        },
        "time": {
          "@EndUserText.label": "time",
          "type": "cds.Date",
          "@DataWarehouse.native.dataType": "DATE"
        },
        "model": {
          "@EndUserText.label": "model",
          "type": "cds.String",
          "length": 50,
          "@DataWarehouse.native.dataType": "NVARCHAR"
        },
        "marke": {
          "@EndUserText.label": "marke",
          "type": "cds.String",
          "length": 50,
          "@DataWarehouse.native.dataType": "NVARCHAR"
        },
        "release_id": {
          "@EndUserText.label": "release_id",
          "type": "cds.Integer",
          "@DataWarehouse.native.dataType": "INTEGER"
        }
      },
      "@ObjectModel.supportedCapabilities": [
        {
          "#": "SQL_DATA_SOURCE"
        },
        {
          "#": "DATA_STRUCTURE"
        }
      ],
      "@EndUserText.label": "RT_GERMAN_CAR_REGISTRATION",
      "@ObjectModel.modelingPattern": {
        "#": "DATA_STRUCTURE"
      },
      "@DataWarehouse.remote.connection": "HANA_CLOUD",
      "@DataWarehouse.remote.entity": "\"DA262\".\"RT_GERMAN_CAR_REGISTRATION\""
    },
    "RT_MY_COMPANY_PRODUCT": {
      "kind": "entity",
      "elements": {
        "id": {
          "@EndUserText.label": "id",
          "type": "cds.Integer",
          "@DataWarehouse.native.dataType": "INTEGER",
          "key": true,
          "notNull": true
        },
        "model": {
          "@EndUserText.label": "model",
          "type": "cds.String",
          "length": 50,
          "@DataWarehouse.native.dataType": "NVARCHAR"
        },
        "brand": {
          "@EndUserText.label": "brand",
          "type": "cds.String",
          "length": 50,
          "@DataWarehouse.native.dataType": "NVARCHAR"
        },
        "origin": {
          "@EndUserText.label": "origin",
          "type": "cds.String",
          "length": 50,
          "@DataWarehouse.native.dataType": "NVARCHAR"
        },
        "group": {
          "@EndUserText.label": "group",
          "type": "cds.String",
          "length": 50,
          "@DataWarehouse.native.dataType": "NVARCHAR"
        }
      },
      "@ObjectModel.supportedCapabilities": [
        {
          "#": "SQL_DATA_SOURCE"
        },
        {
          "#": "DATA_STRUCTURE"
        }
      ],
      "@EndUserText.label": "RT_MY_COMPANY_PRODUCT",
      "@ObjectModel.modelingPattern": {
        "#": "DATA_STRUCTURE"
      },
      "@DataWarehouse.remote.connection": "HANA_CLOUD",
      "@DataWarehouse.remote.entity": "\"DA262\".\"RT_MY_COMPANY_PRODUCT\""
    },
    "RT_MY_COMPANY_SALES": {
      "kind": "entity",
      "elements": {
        "date": {
          "@EndUserText.label": "date",
          "type": "cds.Date",
          "@DataWarehouse.native.dataType": "DATE",
          "key": true,
          "notNull": true
        },
        "product": {
          "@EndUserText.label": "product",
          "type": "cds.Integer",
          "@DataWarehouse.native.dataType": "INTEGER",
          "key": true,
          "notNull": true
        },
        "sales_unit": {
          "@EndUserText.label": "sales_unit",
          "type": "cds.Integer",
          "@DataWarehouse.native.dataType": "INTEGER"
        }
      },
      "@ObjectModel.supportedCapabilities": [
        {
          "#": "SQL_DATA_SOURCE"
        },
        {
          "#": "DATA_STRUCTURE"
        }
      ],
      "@EndUserText.label": "RT_MY_COMPANY_SALES",
      "@ObjectModel.modelingPattern": {
        "#": "DATA_STRUCTURE"
      },
      "@DataWarehouse.remote.connection": "HANA_CLOUD",
      "@DataWarehouse.remote.entity": "\"DA262\".\"RT_MY_COMPANY_SALES\""
    },
    "V_MY_COMPANY_PRODUCT": {
      "kind": "entity",
      "elements": {
        "Product_Id": {
          "@EndUserText.label": "Product Id",
          "type": "cds.Integer",
          "@DataWarehouse.native.dataType": "INTEGER",
          "key": true,
          "notNull": true,
          "@Analytics.dimension": true
        },
        "Model_Name": {
          "@EndUserText.label": "Model Name",
          "type": "cds.String",
          "length": 50,
          "@DataWarehouse.native.dataType": "NVARCHAR",
          "@Analytics.dimension": true
        },
        "Brand": {
          "@EndUserText.label": "Brand",
          "type": "cds.String",
          "length": 50,
          "@DataWarehouse.native.dataType": "NVARCHAR",
          "@Analytics.dimension": true
        },
        "Made_In": {
          "@EndUserText.label": "Made In",
          "type": "cds.String",
          "length": 50,
          "@DataWarehouse.native.dataType": "NVARCHAR",
          "@Analytics.dimension": true
        },
        "Group": {
          "@EndUserText.label": "Group",
          "type": "cds.String",
          "length": 50,
          "@DataWarehouse.native.dataType": "NVARCHAR",
          "@Analytics.dimension": true
        }
      },
      "query": {
        "SELECT": {
          "from": {
            "ref": [
              "RT_MY_COMPANY_PRODUCT"
            ]
          },
          "columns": [
            {
              "as": "Product_Id",
              "key": true,
              "ref": [
                "id"
              ]
            },
            {
              "as": "Model_Name",
              "ref": [
                "model"
              ]
            },
            {
              "as": "Brand",
              "ref": [
                "brand"
              ]
            },
            {
              "as": "Made_In",
              "ref": [
                "origin"
              ]
            },
            {
              "as": "Group",
              "ref": [
                "group"
              ]
            }
          ]
        }
      },
      "@ObjectModel.supportedCapabilities": [
        {
          "#": "ANALYTICAL_DIMENSION"
        }
      ],
      "@EndUserText.label": "V_MY_COMPANY_PRODUCT",
      "@ObjectModel.modelingPattern": {
        "#": "ANALYTICAL_DIMENSION"
      },
      "@DataWarehouse.consumption.external": true,
      "@DataWarehouse.querybuilder.model": "{\"contents\":{\"ae11da24-e36f-4576-af80-f78640bc1e44\":{\"classDefinition\":\"sap.cdw.querybuilder.Model\",\"name\":\"V_MY_COMPANY_PRODUCT\",\"label\":\"V_MY_COMPANY_PRODUCT\",\"modificationDate\":1666181991353,\"deploymentDate\":1666182562666,\"#objectStatus\":\"1\",\"output\":\"983616ad-08d4-4be6-a86e-fb5560068195\",\"nodes\":{\"983616ad-08d4-4be6-a86e-fb5560068195\":{\"name\":\"V_MY_COMPANY_PRODUCT\"},\"34781ab2-2540-4575-b59b-a37417314c96\":{\"name\":\"RT_MY_COMPANY_PRODUCT\"},\"36001dc9-c5db-415a-bd95-0355792e618e\":{\"name\":\"Projection 1\"}},\"diagrams\":{\"6bdb2dc1-704a-45a1-a4b9-1f98c7bff837\":{}}},\"983616ad-08d4-4be6-a86e-fb5560068195\":{\"classDefinition\":\"sap.cdw.querybuilder.Output\",\"name\":\"V_MY_COMPANY_PRODUCT\",\"type\":\"graphicView\",\"isPinToMemoryEnabled\":false,\"dataCategory\":\"DIMENSION\",\"isAllowConsumption\":false,\"modificationDate\":1666181991353,\"deploymentDate\":1666182562666,\"#objectStatus\":\"1\",\"elements\":{\"c7652af0-9685-428e-a18a-03c0e7c1a3c0\":{\"name\":\"id\"},\"4e4d8b8f-2531-4fee-8549-d6540e7c7797\":{\"name\":\"model\"},\"9ed9d891-e19d-4d02-ba50-ca438bc503ba\":{\"name\":\"brand\"},\"353db8e0-ebe9-48f4-892e-3aa2cdf48e3f\":{\"name\":\"origin\"},\"8e56b246-5416-4710-a944-06f04d616902\":{\"name\":\"group\"}}},\"34781ab2-2540-4575-b59b-a37417314c96\":{\"classDefinition\":\"sap.cdw.querybuilder.Entity\",\"name\":\"RT_MY_COMPANY_PRODUCT\",\"label\":\"RT_MY_COMPANY_PRODUCT\",\"type\":8,\"remote\":{\"connection\":\"HANA_CLOUD\",\"table\":\"\\\"DA262\\\".\\\"RT_MY_COMPANY_PRODUCT\\\"\"},\"isPinToMemoryEnabled\":false,\"isAllowConsumption\":false,\"isHiddenInUi\":false,\"modificationDate\":1665646284943,\"deploymentDate\":1666182562666,\"#objectStatus\":\"1\",\"elements\":{\"018f0b1a-78b4-4b59-a34f-862ea0923320\":{\"name\":\"id\"},\"6028f41d-d522-4efe-b04a-2d76dd53ac50\":{\"name\":\"model\"},\"35641878-92aa-4e65-9a02-8ec1e7451423\":{\"name\":\"brand\"},\"70cbb900-6fc8-4748-a990-23e56845b962\":{\"name\":\"origin\"},\"a8f3bc77-efb2-419d-8533-a2ea70c46234\":{\"name\":\"group\"}},\"successorNode\":\"36001dc9-c5db-415a-bd95-0355792e618e\"},\"36001dc9-c5db-415a-bd95-0355792e618e\":{\"classDefinition\":\"sap.cdw.querybuilder.RenameElements\",\"_isProjectionNode\":false,\"name\":\"Projection 1\",\"elements\":{\"54b5f91e-5376-418b-bebd-d431c75301ce\":{\"name\":\"id\"},\"b2bccdfd-5743-4ea6-a861-45d4569c3c77\":{\"name\":\"model\"},\"92d1255c-b4cc-4c73-abbc-66d97038f9fa\":{\"name\":\"brand\"},\"9304cb73-6b48-4833-be40-c8d071280d32\":{\"name\":\"origin\"},\"bb9ae217-7451-4c4f-a908-3d6a52aa1ce4\":{\"name\":\"group\"}},\"successorNode\":\"983616ad-08d4-4be6-a86e-fb5560068195\"},\"6bdb2dc1-704a-45a1-a4b9-1f98c7bff837\":{\"classDefinition\":\"sap.cdw.querybuilder.ui.Diagram\",\"symbols\":{\"e3a37b82-400c-419d-9075-e622f600ec09\":{},\"b00d9acd-5b6b-4c42-862a-05661322df4d\":{\"name\":\"Entity Symbol 1\"},\"69090c0c-8940-4f61-a34e-ac0dd24b77d2\":{},\"c19898fa-32de-4845-a8b1-70dfc6942ef1\":{},\"aded5797-55bd-497d-b099-17a99181b270\":{}}},\"c7652af0-9685-428e-a18a-03c0e7c1a3c0\":{\"classDefinition\":\"sap.cdw.querybuilder.Element\",\"name\":\"id\",\"label\":\"Product Id\",\"newName\":\"Product_Id\",\"indexOrder\":0,\"isKey\":true,\"dataType\":\"cds.Integer\",\"length\":0,\"precision\":0,\"scale\":0,\"isDimension\":true,\"nativeDataType\":\"INTEGER\",\"isNotNull\":true},\"4e4d8b8f-2531-4fee-8549-d6540e7c7797\":{\"classDefinition\":\"sap.cdw.querybuilder.Element\",\"name\":\"model\",\"label\":\"Model Name\",\"newName\":\"Model_Name\",\"indexOrder\":1,\"length\":50,\"precision\":0,\"scale\":0,\"isDimension\":true,\"nativeDataType\":\"NVARCHAR\"},\"9ed9d891-e19d-4d02-ba50-ca438bc503ba\":{\"classDefinition\":\"sap.cdw.querybuilder.Element\",\"name\":\"brand\",\"label\":\"Brand\",\"newName\":\"Brand\",\"indexOrder\":2,\"length\":50,\"precision\":0,\"scale\":0,\"isDimension\":true,\"nativeDataType\":\"NVARCHAR\"},\"353db8e0-ebe9-48f4-892e-3aa2cdf48e3f\":{\"classDefinition\":\"sap.cdw.querybuilder.Element\",\"name\":\"origin\",\"label\":\"Made In\",\"newName\":\"Made_In\",\"indexOrder\":3,\"length\":50,\"precision\":0,\"scale\":0,\"isDimension\":true,\"nativeDataType\":\"NVARCHAR\"},\"8e56b246-5416-4710-a944-06f04d616902\":{\"classDefinition\":\"sap.cdw.querybuilder.Element\",\"name\":\"group\",\"label\":\"Group\",\"newName\":\"Group\",\"indexOrder\":4,\"length\":50,\"precision\":0,\"scale\":0,\"isDimension\":true,\"nativeDataType\":\"NVARCHAR\"},\"018f0b1a-78b4-4b59-a34f-862ea0923320\":{\"classDefinition\":\"sap.cdw.querybuilder.Element\",\"name\":\"id\",\"label\":\"id\",\"newName\":\"id\",\"indexOrder\":0,\"isKey\":true,\"dataType\":\"cds.Integer\",\"length\":0,\"precision\":0,\"scale\":0,\"nativeDataType\":\"INTEGER\",\"isNotNull\":true,\"successorElement\":\"54b5f91e-5376-418b-bebd-d431c75301ce\"},\"6028f41d-d522-4efe-b04a-2d76dd53ac50\":{\"classDefinition\":\"sap.cdw.querybuilder.Element\",\"name\":\"model\",\"label\":\"model\",\"newName\":\"model\",\"indexOrder\":1,\"length\":50,\"precision\":0,\"scale\":0,\"nativeDataType\":\"NVARCHAR\",\"successorElement\":\"b2bccdfd-5743-4ea6-a861-45d4569c3c77\"},\"35641878-92aa-4e65-9a02-8ec1e7451423\":{\"classDefinition\":\"sap.cdw.querybuilder.Element\",\"name\":\"brand\",\"label\":\"brand\",\"newName\":\"brand\",\"indexOrder\":2,\"length\":50,\"precision\":0,\"scale\":0,\"nativeDataType\":\"NVARCHAR\",\"successorElement\":\"92d1255c-b4cc-4c73-abbc-66d97038f9fa\"},\"70cbb900-6fc8-4748-a990-23e56845b962\":{\"classDefinition\":\"sap.cdw.querybuilder.Element\",\"name\":\"origin\",\"label\":\"origin\",\"newName\":\"origin\",\"indexOrder\":3,\"length\":50,\"precision\":0,\"scale\":0,\"nativeDataType\":\"NVARCHAR\",\"successorElement\":\"9304cb73-6b48-4833-be40-c8d071280d32\"},\"a8f3bc77-efb2-419d-8533-a2ea70c46234\":{\"classDefinition\":\"sap.cdw.querybuilder.Element\",\"name\":\"group\",\"label\":\"group\",\"newName\":\"group\",\"indexOrder\":4,\"length\":50,\"precision\":0,\"scale\":0,\"nativeDataType\":\"NVARCHAR\",\"successorElement\":\"bb9ae217-7451-4c4f-a908-3d6a52aa1ce4\"},\"54b5f91e-5376-418b-bebd-d431c75301ce\":{\"classDefinition\":\"sap.cdw.querybuilder.Element\",\"name\":\"id\",\"label\":\"Product Id\",\"newName\":\"Product_Id\",\"indexOrder\":0,\"isKey\":true,\"dataType\":\"cds.Integer\",\"length\":0,\"precision\":0,\"scale\":0,\"nativeDataType\":\"INTEGER\",\"isNotNull\":true,\"successorElement\":\"c7652af0-9685-428e-a18a-03c0e7c1a3c0\"},\"b2bccdfd-5743-4ea6-a861-45d4569c3c77\":{\"classDefinition\":\"sap.cdw.querybuilder.Element\",\"name\":\"model\",\"label\":\"Model Name\",\"newName\":\"Model_Name\",\"indexOrder\":1,\"length\":50,\"precision\":0,\"scale\":0,\"nativeDataType\":\"NVARCHAR\",\"successorElement\":\"4e4d8b8f-2531-4fee-8549-d6540e7c7797\"},\"92d1255c-b4cc-4c73-abbc-66d97038f9fa\":{\"classDefinition\":\"sap.cdw.querybuilder.Element\",\"name\":\"brand\",\"label\":\"Brand\",\"newName\":\"Brand\",\"indexOrder\":2,\"length\":50,\"precision\":0,\"scale\":0,\"nativeDataType\":\"NVARCHAR\",\"successorElement\":\"9ed9d891-e19d-4d02-ba50-ca438bc503ba\"},\"9304cb73-6b48-4833-be40-c8d071280d32\":{\"classDefinition\":\"sap.cdw.querybuilder.Element\",\"name\":\"origin\",\"label\":\"Made In\",\"newName\":\"Made_In\",\"indexOrder\":3,\"length\":50,\"precision\":0,\"scale\":0,\"nativeDataType\":\"NVARCHAR\",\"successorElement\":\"353db8e0-ebe9-48f4-892e-3aa2cdf48e3f\"},\"bb9ae217-7451-4c4f-a908-3d6a52aa1ce4\":{\"classDefinition\":\"sap.cdw.querybuilder.Element\",\"name\":\"group\",\"label\":\"Group\",\"newName\":\"Group\",\"indexOrder\":4,\"length\":50,\"precision\":0,\"scale\":0,\"nativeDataType\":\"NVARCHAR\",\"successorElement\":\"8e56b246-5416-4710-a944-06f04d616902\"},\"e3a37b82-400c-419d-9075-e622f600ec09\":{\"classDefinition\":\"sap.cdw.querybuilder.ui.OutputSymbol\",\"x\":96,\"y\":-20,\"width\":140,\"height\":40,\"object\":\"983616ad-08d4-4be6-a86e-fb5560068195\"},\"b00d9acd-5b6b-4c42-862a-05661322df4d\":{\"classDefinition\":\"sap.cdw.querybuilder.ui.EntitySymbol\",\"name\":\"Entity Symbol 1\",\"x\":-212,\"y\":-19.999999999999993,\"width\":160,\"height\":40,\"displayName\":\"Entity Symbol 1\",\"object\":\"34781ab2-2540-4575-b59b-a37417314c96\"},\"69090c0c-8940-4f61-a34e-ac0dd24b77d2\":{\"classDefinition\":\"sap.cdw.querybuilder.ui.RenameSymbol\",\"x\":-2,\"y\":-16,\"object\":\"36001dc9-c5db-415a-bd95-0355792e618e\"},\"c19898fa-32de-4845-a8b1-70dfc6942ef1\":{\"classDefinition\":\"sap.cdw.querybuilder.ui.AssociationSymbol\",\"points\":\"-52,0 -2,0\",\"contentOffsetX\":5,\"contentOffsetY\":5,\"sourceSymbol\":\"b00d9acd-5b6b-4c42-862a-05661322df4d\",\"targetSymbol\":\"69090c0c-8940-4f61-a34e-ac0dd24b77d2\"},\"aded5797-55bd-497d-b099-17a99181b270\":{\"classDefinition\":\"sap.cdw.querybuilder.ui.AssociationSymbol\",\"points\":\"46,0 96,0\",\"contentOffsetX\":5,\"contentOffsetY\":5,\"sourceSymbol\":\"69090c0c-8940-4f61-a34e-ac0dd24b77d2\",\"targetSymbol\":\"e3a37b82-400c-419d-9075-e622f600ec09\"}}}"
    },
    "V_MY_COMPANY_SALES": {
      "kind": "entity",
      "elements": {
        "Date": {
          "@EndUserText.label": "Date",
          "type": "cds.Date",
          "@DataWarehouse.native.dataType": "DATE",
          "key": true,
          "notNull": true
        },
        "Product_Id": {
          "@EndUserText.label": "Product Id",
          "type": "cds.Integer",
          "@DataWarehouse.native.dataType": "INTEGER",
          "key": true,
          "notNull": true,
          "@ObjectModel.foreignKey.association": {
            "=": "_V_MY_COMP"
          }
        },
        "Sales_Units": {
          "@EndUserText.label": "Sales Units",
          "type": "cds.Integer",
          "@DataWarehouse.native.dataType": "INTEGER",
          "@AnalyticsDetails.measureType": {
            "#": "BASE"
          },
          "@Aggregation.default": {
            "#": "SUM"
          }
        },
        "_V_MY_COMP": {
          "type": "cds.Association",
          "on": [
            {
              "ref": [
                "Product_Id"
              ]
            },
            "=",
            {
              "ref": [
                "_V_MY_COMP",
                "Product_Id"
              ]
            }
          ],
          "target": "V_MY_COMPANY_PRODUCT",
          "@EndUserText.label": "V_MY_COMPANY_SALES to V_MY_COMPANY_PRODUCT"
        }
      },
      "query": {
        "SELECT": {
          "from": {
            "ref": [
              "RT_MY_COMPANY_SALES"
            ]
          },
          "columns": [
            {
              "as": "Date",
              "key": true,
              "ref": [
                "date"
              ]
            },
            {
              "as": "Product_Id",
              "key": true,
              "ref": [
                "product"
              ]
            },
            {
              "as": "Sales_Units",
              "ref": [
                "sales_unit"
              ]
            },
            {
              "ref": [
                "_V_MY_COMP"
              ]
            }
          ],
          "mixin": {
            "_V_MY_COMP": {
              "type": "cds.Association",
              "@EndUserText.label": "V_MY_COMPANY_SALES to V_MY_COMPANY_PRODUCT",
              "on": [
                {
                  "ref": [
                    "$projection",
                    "Product_Id"
                  ]
                },
                "=",
                {
                  "ref": [
                    "_V_MY_COMP",
                    "Product_Id"
                  ]
                }
              ],
              "target": "V_MY_COMPANY_PRODUCT"
            }
          }
        }
      },
      "@ObjectModel.supportedCapabilities": [
        {
          "#": "ANALYTICAL_PROVIDER"
        },
        {
          "#": "ANALYTICAL_FACT"
        }
      ],
      "@EndUserText.label": "V_MY_COMPANY_SALES",
      "@ObjectModel.modelingPattern": {
        "#": "ANALYTICAL_FACT"
      },
      "@DataWarehouse.consumption.external": true,
      "@DataWarehouse.querybuilder.model": "{\"contents\":{\"5bad1326-29b0-4f50-9cfb-b8a6a4db8aea\":{\"classDefinition\":\"sap.cdw.querybuilder.Model\",\"name\":\"V_MY_COMPANY_SALES\",\"label\":\"V_MY_COMPANY_SALES\",\"modificationDate\":1666183163698,\"deploymentDate\":1666183181996,\"#objectStatus\":\"1\",\"output\":\"ce375e43-aa49-4d03-a4ea-3f4ef8e79dd3\",\"nodes\":{\"ce375e43-aa49-4d03-a4ea-3f4ef8e79dd3\":{\"name\":\"V_MY_COMPANY_SALES\"},\"b76f4099-965a-4bc1-a2a1-7f3f8b80a210\":{\"name\":\"RT_MY_COMPANY_SALES\"},\"19ae6db7-93e8-4f3e-bb0e-c8691f34237c\":{\"name\":\"Projection 1\"},\"878cf0f1-c6d1-474f-99d2-f65fb4ebf2f8\":{\"name\":\"V_MY_COMPANY_PRODUCT\"}},\"associations\":{\"7bc99b6d-c710-4790-965d-102452f64da6\":{\"name\":\"_V_MY_COMP\"}},\"diagrams\":{\"bff3b53b-cdee-4f36-b395-d286f56e71f2\":{}}},\"ce375e43-aa49-4d03-a4ea-3f4ef8e79dd3\":{\"classDefinition\":\"sap.cdw.querybuilder.Output\",\"name\":\"V_MY_COMPANY_SALES\",\"type\":\"graphicView\",\"isPinToMemoryEnabled\":false,\"dataCategory\":\"FACT\",\"modificationDate\":1666183163698,\"deploymentDate\":1666183181996,\"#objectStatus\":\"1\",\"elements\":{\"eae42ffc-bb3c-405e-b4a7-0d7e8b30de81\":{\"name\":\"date\"},\"7309aa6e-3006-4fea-a4b1-70c4dd22f496\":{\"name\":\"product\"},\"5a86ab41-0be1-48a4-92a6-7ce97ddaeab9\":{\"name\":\"sales_unit\"}},\"associations\":{\"7bc99b6d-c710-4790-965d-102452f64da6\":{\"name\":\"_V_MY_COMP\"}}},\"b76f4099-965a-4bc1-a2a1-7f3f8b80a210\":{\"classDefinition\":\"sap.cdw.querybuilder.Entity\",\"name\":\"RT_MY_COMPANY_SALES\",\"label\":\"RT_MY_COMPANY_SALES\",\"type\":8,\"remote\":{\"connection\":\"HANA_CLOUD\",\"table\":\"\\\"DA262\\\".\\\"RT_MY_COMPANY_SALES\\\"\"},\"isPinToMemoryEnabled\":false,\"isAllowConsumption\":false,\"isHiddenInUi\":false,\"modificationDate\":1665646284943,\"deploymentDate\":1666183181996,\"#objectStatus\":\"1\",\"elements\":{\"38890ceb-9036-4f60-ab05-da22f8c039a6\":{\"name\":\"date\"},\"2896b96c-c331-44ef-bc95-00d1376da174\":{\"name\":\"product\"},\"d1b01b6e-b46c-42fe-b154-6eecb32b6f32\":{\"name\":\"sales_unit\"}},\"successorNode\":\"19ae6db7-93e8-4f3e-bb0e-c8691f34237c\"},\"19ae6db7-93e8-4f3e-bb0e-c8691f34237c\":{\"classDefinition\":\"sap.cdw.querybuilder.RenameElements\",\"_isProjectionNode\":false,\"name\":\"Projection 1\",\"elements\":{\"ea9e27f4-71bb-4787-b290-27314063c423\":{\"name\":\"date\"},\"07fa60bf-a0ec-4eec-8cf0-b7151f2ea23b\":{\"name\":\"product\"},\"777bd7aa-c286-4690-bcc7-76c0d2ab78e8\":{\"name\":\"sales_unit\"}},\"successorNode\":\"ce375e43-aa49-4d03-a4ea-3f4ef8e79dd3\"},\"bff3b53b-cdee-4f36-b395-d286f56e71f2\":{\"classDefinition\":\"sap.cdw.querybuilder.ui.Diagram\",\"symbols\":{\"c44f5593-7f08-4b7f-b038-d2377228b97c\":{},\"e90f333e-b109-42d2-8621-42f293733f41\":{\"name\":\"Entity Symbol 1\"},\"bac7989f-268a-4a25-84a9-6ad36326163d\":{},\"05a7771a-038c-40ed-8be5-31552601ea92\":{},\"a2855e7c-9c31-45cb-a0f4-b633e1f767d3\":{}}},\"eae42ffc-bb3c-405e-b4a7-0d7e8b30de81\":{\"classDefinition\":\"sap.cdw.querybuilder.Element\",\"name\":\"date\",\"label\":\"Date\",\"newName\":\"Date\",\"indexOrder\":0,\"isKey\":true,\"dataType\":\"cds.Date\",\"length\":0,\"precision\":0,\"scale\":0,\"nativeDataType\":\"DATE\",\"isNotNull\":true},\"7309aa6e-3006-4fea-a4b1-70c4dd22f496\":{\"classDefinition\":\"sap.cdw.querybuilder.Element\",\"name\":\"product\",\"label\":\"Product Id\",\"newName\":\"Product_Id\",\"indexOrder\":1,\"isKey\":true,\"dataType\":\"cds.Integer\",\"length\":0,\"precision\":0,\"scale\":0,\"nativeDataType\":\"INTEGER\",\"foreignKey\":\"_V_MY_COMP\",\"isNotNull\":true},\"5a86ab41-0be1-48a4-92a6-7ce97ddaeab9\":{\"classDefinition\":\"sap.cdw.querybuilder.Element\",\"name\":\"sales_unit\",\"label\":\"Sales Units\",\"newName\":\"Sales_Units\",\"indexOrder\":2,\"defaultAggregation\":\"SUM\",\"dataType\":\"cds.Integer\",\"length\":0,\"precision\":0,\"scale\":0,\"isMeasure\":true,\"nativeDataType\":\"INTEGER\"},\"38890ceb-9036-4f60-ab05-da22f8c039a6\":{\"classDefinition\":\"sap.cdw.querybuilder.Element\",\"name\":\"date\",\"label\":\"date\",\"newName\":\"date\",\"indexOrder\":0,\"isKey\":true,\"dataType\":\"cds.Date\",\"length\":0,\"precision\":0,\"scale\":0,\"nativeDataType\":\"DATE\",\"isNotNull\":true,\"successorElement\":\"ea9e27f4-71bb-4787-b290-27314063c423\"},\"2896b96c-c331-44ef-bc95-00d1376da174\":{\"classDefinition\":\"sap.cdw.querybuilder.Element\",\"name\":\"product\",\"label\":\"product\",\"newName\":\"product\",\"indexOrder\":1,\"isKey\":true,\"dataType\":\"cds.Integer\",\"length\":0,\"precision\":0,\"scale\":0,\"nativeDataType\":\"INTEGER\",\"isNotNull\":true,\"successorElement\":\"07fa60bf-a0ec-4eec-8cf0-b7151f2ea23b\"},\"d1b01b6e-b46c-42fe-b154-6eecb32b6f32\":{\"classDefinition\":\"sap.cdw.querybuilder.Element\",\"name\":\"sales_unit\",\"label\":\"sales_unit\",\"newName\":\"sales_unit\",\"indexOrder\":2,\"dataType\":\"cds.Integer\",\"length\":0,\"precision\":0,\"scale\":0,\"nativeDataType\":\"INTEGER\",\"successorElement\":\"777bd7aa-c286-4690-bcc7-76c0d2ab78e8\"},\"c44f5593-7f08-4b7f-b038-d2377228b97c\":{\"classDefinition\":\"sap.cdw.querybuilder.ui.OutputSymbol\",\"x\":96,\"y\":-20,\"width\":140,\"height\":40,\"object\":\"ce375e43-aa49-4d03-a4ea-3f4ef8e79dd3\"},\"e90f333e-b109-42d2-8621-42f293733f41\":{\"classDefinition\":\"sap.cdw.querybuilder.ui.EntitySymbol\",\"name\":\"Entity Symbol 1\",\"x\":-212,\"y\":-19.999999999999993,\"width\":160,\"height\":40,\"displayName\":\"Entity Symbol 1\",\"object\":\"b76f4099-965a-4bc1-a2a1-7f3f8b80a210\"},\"bac7989f-268a-4a25-84a9-6ad36326163d\":{\"classDefinition\":\"sap.cdw.querybuilder.ui.RenameSymbol\",\"x\":-2,\"y\":-16,\"object\":\"19ae6db7-93e8-4f3e-bb0e-c8691f34237c\"},\"05a7771a-038c-40ed-8be5-31552601ea92\":{\"classDefinition\":\"sap.cdw.querybuilder.ui.AssociationSymbol\",\"points\":\"-52,0 -2,0\",\"contentOffsetX\":5,\"contentOffsetY\":5,\"sourceSymbol\":\"e90f333e-b109-42d2-8621-42f293733f41\",\"targetSymbol\":\"bac7989f-268a-4a25-84a9-6ad36326163d\"},\"a2855e7c-9c31-45cb-a0f4-b633e1f767d3\":{\"classDefinition\":\"sap.cdw.querybuilder.ui.AssociationSymbol\",\"points\":\"46,0 96,0\",\"contentOffsetX\":5,\"contentOffsetY\":5,\"sourceSymbol\":\"bac7989f-268a-4a25-84a9-6ad36326163d\",\"targetSymbol\":\"c44f5593-7f08-4b7f-b038-d2377228b97c\"},\"ea9e27f4-71bb-4787-b290-27314063c423\":{\"classDefinition\":\"sap.cdw.querybuilder.Element\",\"name\":\"date\",\"label\":\"Date\",\"newName\":\"Date\",\"indexOrder\":0,\"isKey\":true,\"dataType\":\"cds.Date\",\"length\":0,\"precision\":0,\"scale\":0,\"nativeDataType\":\"DATE\",\"isNotNull\":true,\"successorElement\":\"eae42ffc-bb3c-405e-b4a7-0d7e8b30de81\"},\"07fa60bf-a0ec-4eec-8cf0-b7151f2ea23b\":{\"classDefinition\":\"sap.cdw.querybuilder.Element\",\"name\":\"product\",\"label\":\"Product Id\",\"newName\":\"Product_Id\",\"indexOrder\":1,\"isKey\":true,\"dataType\":\"cds.Integer\",\"length\":0,\"precision\":0,\"scale\":0,\"nativeDataType\":\"INTEGER\",\"isNotNull\":true,\"successorElement\":\"7309aa6e-3006-4fea-a4b1-70c4dd22f496\"},\"777bd7aa-c286-4690-bcc7-76c0d2ab78e8\":{\"classDefinition\":\"sap.cdw.querybuilder.Element\",\"name\":\"sales_unit\",\"label\":\"Sales Units\",\"newName\":\"Sales_Units\",\"indexOrder\":2,\"dataType\":\"cds.Integer\",\"length\":0,\"precision\":0,\"scale\":0,\"nativeDataType\":\"INTEGER\",\"successorElement\":\"5a86ab41-0be1-48a4-92a6-7ce97ddaeab9\"},\"878cf0f1-c6d1-474f-99d2-f65fb4ebf2f8\":{\"classDefinition\":\"sap.cdw.querybuilder.DimensionNode\",\"name\":\"V_MY_COMPANY_PRODUCT\",\"label\":\"V_MY_COMPANY_PRODUCT\",\"type\":\"View (Dimension)\",\"isPinToMemoryEnabled\":false,\"dataCategory\":\"DIMENSION\",\"isAllowConsumption\":false,\"modificationDate\":1666183272765,\"deploymentDate\":1666183290289,\"#objectStatus\":\"1\",\"elements\":{\"54fe6fc6-7146-4ff0-aefd-1ab14a373abd\":{\"name\":\"Product_Id\"},\"93a4c9ca-241d-4fad-ae6f-f04f6df87af7\":{\"name\":\"Model_Name\"},\"8992a538-4b0c-47b5-90aa-b9fd8710e42d\":{\"name\":\"Brand\"},\"c95d9637-56ca-4b3c-a73a-1b07fa468a2b\":{\"name\":\"Made_In\"},\"dd04b51b-eb0c-4485-8c7a-bf6d493f5870\":{\"name\":\"Group\"}}},\"54fe6fc6-7146-4ff0-aefd-1ab14a373abd\":{\"classDefinition\":\"sap.cdw.querybuilder.Element\",\"name\":\"Product_Id\",\"label\":\"Product Id\",\"newName\":\"Product_Id\",\"indexOrder\":0,\"isKey\":true,\"dataType\":\"cds.Integer\",\"length\":0,\"precision\":0,\"scale\":0,\"isDimension\":true,\"nativeDataType\":\"INTEGER\",\"isNotNull\":true},\"93a4c9ca-241d-4fad-ae6f-f04f6df87af7\":{\"classDefinition\":\"sap.cdw.querybuilder.Element\",\"name\":\"Model_Name\",\"label\":\"Model Name\",\"newName\":\"Model_Name\",\"indexOrder\":1,\"length\":50,\"precision\":0,\"scale\":0,\"isDimension\":true,\"nativeDataType\":\"NVARCHAR\"},\"8992a538-4b0c-47b5-90aa-b9fd8710e42d\":{\"classDefinition\":\"sap.cdw.querybuilder.Element\",\"name\":\"Brand\",\"label\":\"Brand\",\"newName\":\"Brand\",\"indexOrder\":2,\"length\":50,\"precision\":0,\"scale\":0,\"isDimension\":true,\"nativeDataType\":\"NVARCHAR\"},\"c95d9637-56ca-4b3c-a73a-1b07fa468a2b\":{\"classDefinition\":\"sap.cdw.querybuilder.Element\",\"name\":\"Made_In\",\"label\":\"Made In\",\"newName\":\"Made_In\",\"indexOrder\":3,\"length\":50,\"precision\":0,\"scale\":0,\"isDimension\":true,\"nativeDataType\":\"NVARCHAR\"},\"dd04b51b-eb0c-4485-8c7a-bf6d493f5870\":{\"classDefinition\":\"sap.cdw.querybuilder.Element\",\"name\":\"Group\",\"label\":\"Group\",\"newName\":\"Group\",\"indexOrder\":4,\"length\":50,\"precision\":0,\"scale\":0,\"isDimension\":true,\"nativeDataType\":\"NVARCHAR\"},\"7bc99b6d-c710-4790-965d-102452f64da6\":{\"classDefinition\":\"sap.cdw.querybuilder.Association\",\"name\":\"_V_MY_COMP\",\"label\":\"V_MY_COMPANY_SALES to V_MY_COMPANY_PRODUCT\",\"source\":\"ce375e43-aa49-4d03-a4ea-3f4ef8e79dd3\",\"target\":\"878cf0f1-c6d1-474f-99d2-f65fb4ebf2f8\",\"mappings\":{\"bd99a309-bca9-4fee-b49c-a226b0a6aee0\":{}}},\"bd99a309-bca9-4fee-b49c-a226b0a6aee0\":{\"classDefinition\":\"sap.cdw.commonmodel.ElementMapping\",\"source\":\"7309aa6e-3006-4fea-a4b1-70c4dd22f496\",\"target\":\"54fe6fc6-7146-4ff0-aefd-1ab14a373abd\"}}}"
    }
  },
  "version": {
    "csn": "1.0"
  },
  "meta": {
    "creator": "ER Modeler",
    "kind": "sap.dwc.ermodel",
    "label": "ER All Tables"
  },
  "$version": "1.0"
}